bandwidth_m,split,training_dates,comparison_direction,training_events,held_out_events,observed_half_distance,abm_pooled_distance,abm_matched_median_distance,abm_matched_low,abm_matched_high,global_random_median_distance,global_random_low,global_random_high,zone_random_median_distance,zone_random_low,zone_random_high
0.5,1,2023-12-11;2023-12-12;2023-12-13,average_of_both_held_out_directions,71,288,0.5550935817023809,0.5354250636132895,0.5708520236355312,0.551092986681304,0.5945858054028653,0.6851450509101009,0.6597921292195699,0.7103435303152423,0.6896946604000113,0.6659675557770444,0.7131107143201038
0.5,2,2023-12-11;2023-12-12;2023-12-14,average_of_both_held_out_directions,117,242,0.5538296783523813,0.5311574024095438,0.558588549432004,0.5412004127392945,0.5805230441173196,0.6629380106031362,0.6371856047846917,0.6877782069104212,0.6690488270398673,0.6500062237293432,0.6943006357531999
0.5,3,2023-12-11;2023-12-12;2023-12-15,average_of_both_held_out_directions,165,194,0.5219987759658704,0.5234606022260411,0.5501536155188994,0.5296253176438496,0.5660257083919676,0.6533227099330263,0.6279503896296356,0.6749601203925067,0.6656980478381449,0.6407879292023266,0.6884616517866645
0.5,4,2023-12-11;2023-12-12;2023-12-16,average_of_both_held_out_directions,159,200,0.5137971491015563,0.5201446680945974,0.5448527392506084,0.5263932503050192,0.5603358287857699,0.654530431933552,0.6340622918616855,0.6797772534563122,0.6647415197609468,0.6412564287833242,0.6858570149312189
0.5,5,2023-12-11;2023-12-13;2023-12-14,average_of_both_held_out_directions,111,248,0.5593586880701745,0.5435826513729012,0.5716859091205618,0.5525726714001175,0.5906032171779236,0.6665162446576557,0.6457575864386002,0.6899079297493443,0.6748415351046652,0.6517813691782435,0.6994002909527587
0.5,6,2023-12-11;2023-12-13;2023-12-15,average_of_both_held_out_directions,159,200,0.5232689546882514,0.5229206269669331,0.5487465115121684,0.5286307878160273,0.5683489345416723,0.6535347141768724,0.630191797497903,0.676176592111094,0.6659689929944703,0.6442879484943548,0.6916761331848785
0.5,7,2023-12-11;2023-12-13;2023-12-16,average_of_both_held_out_directions,153,206,0.507933381893564,0.5217872781340003,0.5474405105392219,0.530025877237685,0.5660746501377304,0.6526575533455583,0.6285494522782676,0.6774238629351398,0.6631253624646132,0.6416520601342385,0.6864049037974669
0.5,8,2023-12-11;2023-12-14;2023-12-15,average_of_both_held_out_directions,205,154,0.5498059505744954,0.5280000988611997,0.5532933121603969,0.5371864931096759,0.5718383176481863,0.659141018556046,0.6360291573915935,0.6781692859201873,0.6699921979327909,0.6491667140644574,0.6916107541146372
0.5,9,2023-12-11;2023-12-14;2023-12-16,average_of_both_held_out_directions,199,160,0.5269457613209035,0.527747776122781,0.5550923953215461,0.5342978058475418,0.574948041077146,0.6539847600404473,0.6313189960175427,0.6749551919436505,0.6677577624543688,0.6485144202682623,0.690605417693002
0.5,10,2023-12-11;2023-12-15;2023-12-16,average_of_both_held_out_directions,247,112,0.550947864551089,0.5326316819797884,0.561192595942534,0.5428003154143427,0.5800093488862526,0.6662293620200223,0.6390729811434187,0.6923711657643614,0.6752572765873983,0.6509333467959811,0.6970575027682304
1.0,1,2023-12-11;2023-12-12;2023-12-13,average_of_both_held_out_directions,71,288,0.4394976965041049,0.41754825785332234,0.44893990632907277,0.42189098035396105,0.4833215355197966,0.5546266926983994,0.5204867215215166,0.584414641372521,0.5673079448701612,0.5330092352003637,0.5996874620748017
1.0,2,2023-12-11;2023-12-12;2023-12-14,average_of_both_held_out_directions,117,242,0.42933783780239065,0.41095998750635854,0.43144730659863795,0.410008879162075,0.4561281953016073,0.5295759389166574,0.5034675387179495,0.5610360690340632,0.5426787759194003,0.5131845047321638,0.5703925759758948
1.0,3,2023-12-11;2023-12-12;2023-12-15,average_of_both_held_out_directions,165,194,0.41820634909263066,0.40138448234072766,0.4207138475949297,0.39656313412866667,0.4440855579640914,0.5197010075459115,0.4936610131482847,0.546459742031613,0.5409499077815363,0.5144602750716527,0.565155288925611
1.0,4,2023-12-11;2023-12-12;2023-12-16,average_of_both_held_out_directions,159,200,0.41637626629788077,0.3969540600950602,0.41682023479549846,0.3961487230834942,0.43775191703042043,0.5243644427814789,0.4998519020290722,0.5512983946051391,0.5399462524349599,0.5142983145621224,0.5649609099230029
1.0,5,2023-12-11;2023-12-13;2023-12-14,average_of_both_held_out_directions,111,248,0.45177308762916796,0.4252956731178266,0.446029235226374,0.4227957406549587,0.4728909832751756,0.5376670335710987,0.5083906939198999,0.5665802274711649,0.5504755151764802,0.5245956868393192,0.576494503861137
1.0,6,2023-12-11;2023-12-13;2023-12-15,average_of_both_held_out_directions,159,200,0.4220876099872149,0.40127646370518194,0.4213762310871402,0.39949265391596633,0.4448148819928252,0.5232635834742054,0.49822882962624465,0.5522014863692233,0.5420916149809906,0.5147805328729219,0.5710564149967331
1.0,7,2023-12-11;2023-12-13;2023-12-16,average_of_both_held_out_directions,153,206,0.4041236832076568,0.39954436420315737,0.41792845978545307,0.39623403048620637,0.44195947142478564,0.5172675638437833,0.4934801849833073,0.5409882323648127,0.536592321300365,0.5125390848382073,0.5626931359919691
1.0,8,2023-12-11;2023-12-14;2023-12-15,average_of_both_held_out_directions,205,154,0.4554088775119809,0.40538173511880604,0.42248509744924667,0.3989897511104194,0.44286311628575287,0.5307113859125648,0.49971060958029784,0.5555909927909759,0.5437743684966285,0.5208769801705159,0.5704363664059806
1.0,9,2023-12-11;2023-12-14;2023-12-16,average_of_both_held_out_directions,199,160,0.42011314514855147,0.4067499189969377,0.42807908545935364,0.406538101813823,0.4545285831587467,0.5224312835394386,0.4993252704394212,0.5481154012594642,0.5440554180951309,0.5185029155833052,0.5720053701965281
1.0,10,2023-12-11;2023-12-15;2023-12-16,average_of_both_held_out_directions,247,112,0.44200290929697017,0.41271578042414225,0.43539892870811925,0.4106864538943086,0.4559914443921955,0.5375309267153083,0.5123865889090549,0.5652010651333791,0.550886639520789,0.5208398997971172,0.5736848885306988
2.0,1,2023-12-11;2023-12-12;2023-12-13,average_of_both_held_out_directions,71,288,0.31268466196086475,0.29342333699247025,0.3145877168756916,0.2843601556809686,0.3475475243138746,0.4129797727709258,0.38169638038198983,0.45182762513620145,0.43657866511585297,0.40250658378903437,0.47237858173604813
2.0,2,2023-12-11;2023-12-12;2023-12-14,average_of_both_held_out_directions,117,242,0.31630482166728663,0.2888878227969719,0.30218291065985475,0.2812715740601364,0.3293471344617177,0.41131440694825716,0.3828483409222109,0.4387799913902794,0.4259273882535193,0.40022346741907583,0.4578520936945755
2.0,3,2023-12-11;2023-12-12;2023-12-15,average_of_both_held_out_directions,165,194,0.35030081972734717,0.28943078491673646,0.30026843145705606,0.2716397774462764,0.3313688110340655,0.40602529191383596,0.37786566932797633,0.43709799422749274,0.4287763711857203,0.4047987110638149,0.4566144232029306
2.0,4,2023-12-11;2023-12-12;2023-12-16,average_of_both_held_out_directions,159,200,0.3277014990748026,0.2743814491722285,0.28346537403912614,0.25987747570087716,0.3129187502491922,0.40081882825138837,0.37611710988769576,0.42801770956595203,0.42485933449281277,0.3993905774119331,0.44738172853439234
2.0,5,2023-12-11;2023-12-13;2023-12-14,average_of_both_held_out_directions,111,248,0.3623739503811248,0.3051694683849596,0.31512548380867333,0.29187767969217293,0.3445276817360339,0.41642908041654236,0.3866871613539799,0.4462618143516337,0.4362545228774786,0.4068131126893377,0.4633488758994984
2.0,6,2023-12-11;2023-12-13;2023-12-15,average_of_both_held_out_directions,159,200,0.3364337583555001,0.2859350525144548,0.2963137413121425,0.272432532378158,0.3209273167046746,0.4085734084613233,0.38424973229635306,0.43645996404497783,0.4314364414080736,0.40254631729192103,0.4567331617934764
2.0,7,2023-12-11;2023-12-13;2023-12-16,average_of_both_held_out_directions,153,206,0.32300278345568056,0.2788264846118982,0.2859890873865828,0.26366209945881053,0.3159623226454124,0.394447501473805,0.36447713704434215,0.4230205183888762,0.41645338253118724,0.3883455583930242,0.4417769143260558
2.0,8,2023-12-11;2023-12-14;2023-12-15,average_of_both_held_out_directions,205,154,0.3757598318413372,0.2872051518433349,0.2963235308237142,0.2704010883485403,0.3247303240322011,0.407445300563377,0.37960552926184254,0.4355716935314222,0.42692697207901653,0.3987686606702644,0.45501166176709523
2.0,9,2023-12-11;2023-12-14;2023-12-16,average_of_both_held_out_directions,199,160,0.33384105649676016,0.28757523221426917,0.2956848625753484,0.2712759130426277,0.3240936495132341,0.4069277360797574,0.3758649281168735,0.434449936268491,0.43350933456420865,0.40631869448190355,0.45911314374934453
2.0,10,2023-12-11;2023-12-15;2023-12-16,average_of_both_held_out_directions,247,112,0.33927966648424207,0.2932927687114489,0.30533629505049287,0.2810986404398068,0.33389889295971475,0.41249007049652725,0.37675411741049786,0.44591635080811154,0.4321866358743516,0.3997447758660902,0.4590434554014954
4.0,1,2023-12-11;2023-12-12;2023-12-13,average_of_both_held_out_directions,71,288,0.1830402949004972,0.17069507186156202,0.18052460368382975,0.15386403939418386,0.22081548952062896,0.28983429735510235,0.2526751829848079,0.3290572824462175,0.321612907866581,0.2906623406402684,0.35387266260668926
4.0,2,2023-12-11;2023-12-12;2023-12-14,average_of_both_held_out_directions,117,242,0.2397698532585374,0.1821478507128802,0.19016119005440446,0.16862182551178442,0.21509817832325795,0.2983382751176874,0.26917681998702575,0.32380166610747985,0.3269958129257964,0.2997973925571372,0.34976141215868534
4.0,3,2023-12-11;2023-12-12;2023-12-15,average_of_both_held_out_directions,165,194,0.29703359498585924,0.20010784067246798,0.20495213087226039,0.18050831195926845,0.2363538973216951,0.3030084755661452,0.27875353441161566,0.3292501097792169,0.3322369998533798,0.30812942935852505,0.35659541047774435
4.0,4,2023-12-11;2023-12-12;2023-12-16,average_of_both_held_out_directions,159,200,0.24823511636439716,0.17440450748163508,0.1816625322108864,0.15731346947474034,0.20931018414360206,0.2844986873859062,0.2514714188861434,0.31088495924359705,0.3119939206952741,0.2825033021373713,0.3369696894830689
4.0,5,2023-12-11;2023-12-13;2023-12-14,average_of_both_held_out_directions,111,248,0.275647116353197,0.19472427246132457,0.20167579230740046,0.17978570428661445,0.22710497274272415,0.3049012033513516,0.28184447808447877,0.3323293633880697,0.332082513772636,0.30440357735712814,0.35875257437920927
4.0,6,2023-12-11;2023-12-13;2023-12-15,average_of_both_held_out_directions,159,200,0.2504500142907891,0.18326584039642957,0.19049096041868754,0.16351434236135787,0.21509821306348081,0.29493039199957494,0.27002258593706624,0.32129423907941346,0.32290036288812796,0.2986612542449552,0.34855466531189766
4.0,7,2023-12-11;2023-12-13;2023-12-16,average_of_both_held_out_directions,153,206,0.2666021410720747,0.18491790741445596,0.19164886637696185,0.16380740866987775,0.21655079598637983,0.2801152519326774,0.25423148651804806,0.3054755905807638,0.31156683939382557,0.2891128543644746,0.3355260255968879
4.0,8,2023-12-11;2023-12-14;2023-12-15,average_of_both_held_out_directions,205,154,0.31478118327794513,0.19888365755160708,0.20342269443709876,0.17700265364511752,0.2351523760700724,0.2933687928883041,0.26763607171461,0.32183409569357,0.32135614641251475,0.296914045601966,0.34576024925862453
4.0,9,2023-12-11;2023-12-14;2023-12-16,average_of_both_held_out_directions,199,160,0.2442887637852583,0.17980225877167244,0.185267140362263,0.16092822572466656,0.21355509492976793,0.2914368659426506,0.2627423833614633,0.3183813999870558,0.32441487559808085,0.3015079079670577,0.351027347550575
4.0,10,2023-12-11;2023-12-15;2023-12-16,average_of_both_held_out_directions,247,112,0.24149737568063165,0.1843065324418252,0.19215203809911652,0.17250594972610636,0.22075059209297637,0.2968416403432782,0.26720870515562767,0.3260003593089486,0.32480873543923006,0.301600428723456,0.35095115151123374
