run_index,scenario,condition,seed,assignment_round,duration_seconds,warmup_seconds,max_model_decisions,max_model_decisions_per_agent,decision_window_seconds,max_model_decisions_per_window,model_decision_sample_rate,evolving_state_enabled,evolving_state_interval_seconds
1,normal_load,baseline,1,1,43200,7200,300,100,7200,100,0.1,True,7200
2,normal_load,cockpit_only,1,1,43200,7200,300,100,7200,100,0.1,True,7200
3,normal_load,nursta_only,1,1,43200,7200,300,100,7200,100,0.1,True,7200
4,normal_load,both,1,1,43200,7200,300,100,7200,100,0.1,True,7200
5,high_load_high_acuity,baseline,1,1,43200,7200,300,100,7200,100,0.1,True,7200
6,high_load_high_acuity,cockpit_only,1,1,43200,7200,300,100,7200,100,0.1,True,7200
7,high_load_high_acuity,nursta_only,1,1,43200,7200,300,100,7200,100,0.1,True,7200
8,high_load_high_acuity,both,1,1,43200,7200,300,100,7200,100,0.1,True,7200
9,normal_load,baseline,1,2,43200,7200,300,100,7200,100,0.1,True,7200
10,normal_load,cockpit_only,1,2,43200,7200,300,100,7200,100,0.1,True,7200
11,normal_load,nursta_only,1,2,43200,7200,300,100,7200,100,0.1,True,7200
12,normal_load,both,1,2,43200,7200,300,100,7200,100,0.1,True,7200
13,high_load_high_acuity,baseline,1,2,43200,7200,300,100,7200,100,0.1,True,7200
14,high_load_high_acuity,cockpit_only,1,2,43200,7200,300,100,7200,100,0.1,True,7200
15,high_load_high_acuity,nursta_only,1,2,43200,7200,300,100,7200,100,0.1,True,7200
16,high_load_high_acuity,both,1,2,43200,7200,300,100,7200,100,0.1,True,7200
17,normal_load,baseline,1,3,43200,7200,300,100,7200,100,0.1,True,7200
18,normal_load,cockpit_only,1,3,43200,7200,300,100,7200,100,0.1,True,7200
19,normal_load,nursta_only,1,3,43200,7200,300,100,7200,100,0.1,True,7200
20,normal_load,both,1,3,43200,7200,300,100,7200,100,0.1,True,7200
21,high_load_high_acuity,baseline,1,3,43200,7200,300,100,7200,100,0.1,True,7200
22,high_load_high_acuity,cockpit_only,1,3,43200,7200,300,100,7200,100,0.1,True,7200
23,high_load_high_acuity,nursta_only,1,3,43200,7200,300,100,7200,100,0.1,True,7200
24,high_load_high_acuity,both,1,3,43200,7200,300,100,7200,100,0.1,True,7200
25,normal_load,baseline,1,4,43200,7200,300,100,7200,100,0.1,True,7200
26,normal_load,cockpit_only,1,4,43200,7200,300,100,7200,100,0.1,True,7200
27,normal_load,nursta_only,1,4,43200,7200,300,100,7200,100,0.1,True,7200
28,normal_load,both,1,4,43200,7200,300,100,7200,100,0.1,True,7200
29,high_load_high_acuity,baseline,1,4,43200,7200,300,100,7200,100,0.1,True,7200
30,high_load_high_acuity,cockpit_only,1,4,43200,7200,300,100,7200,100,0.1,True,7200
31,high_load_high_acuity,nursta_only,1,4,43200,7200,300,100,7200,100,0.1,True,7200
32,high_load_high_acuity,both,1,4,43200,7200,300,100,7200,100,0.1,True,7200
33,normal_load,baseline,1,5,43200,7200,300,100,7200,100,0.1,True,7200
34,normal_load,cockpit_only,1,5,43200,7200,300,100,7200,100,0.1,True,7200
35,normal_load,nursta_only,1,5,43200,7200,300,100,7200,100,0.1,True,7200
36,normal_load,both,1,5,43200,7200,300,100,7200,100,0.1,True,7200
37,high_load_high_acuity,baseline,1,5,43200,7200,300,100,7200,100,0.1,True,7200
38,high_load_high_acuity,cockpit_only,1,5,43200,7200,300,100,7200,100,0.1,True,7200
39,high_load_high_acuity,nursta_only,1,5,43200,7200,300,100,7200,100,0.1,True,7200
40,high_load_high_acuity,both,1,5,43200,7200,300,100,7200,100,0.1,True,7200
41,normal_load,baseline,2,1,43200,7200,300,100,7200,100,0.1,True,7200
42,normal_load,cockpit_only,2,1,43200,7200,300,100,7200,100,0.1,True,7200
43,normal_load,nursta_only,2,1,43200,7200,300,100,7200,100,0.1,True,7200
44,normal_load,both,2,1,43200,7200,300,100,7200,100,0.1,True,7200
45,high_load_high_acuity,baseline,2,1,43200,7200,300,100,7200,100,0.1,True,7200
46,high_load_high_acuity,cockpit_only,2,1,43200,7200,300,100,7200,100,0.1,True,7200
47,high_load_high_acuity,nursta_only,2,1,43200,7200,300,100,7200,100,0.1,True,7200
48,high_load_high_acuity,both,2,1,43200,7200,300,100,7200,100,0.1,True,7200
49,normal_load,baseline,2,2,43200,7200,300,100,7200,100,0.1,True,7200
50,normal_load,cockpit_only,2,2,43200,7200,300,100,7200,100,0.1,True,7200
51,normal_load,nursta_only,2,2,43200,7200,300,100,7200,100,0.1,True,7200
52,normal_load,both,2,2,43200,7200,300,100,7200,100,0.1,True,7200
53,high_load_high_acuity,baseline,2,2,43200,7200,300,100,7200,100,0.1,True,7200
54,high_load_high_acuity,cockpit_only,2,2,43200,7200,300,100,7200,100,0.1,True,7200
55,high_load_high_acuity,nursta_only,2,2,43200,7200,300,100,7200,100,0.1,True,7200
56,high_load_high_acuity,both,2,2,43200,7200,300,100,7200,100,0.1,True,7200
57,normal_load,baseline,2,3,43200,7200,300,100,7200,100,0.1,True,7200
58,normal_load,cockpit_only,2,3,43200,7200,300,100,7200,100,0.1,True,7200
59,normal_load,nursta_only,2,3,43200,7200,300,100,7200,100,0.1,True,7200
60,normal_load,both,2,3,43200,7200,300,100,7200,100,0.1,True,7200
61,high_load_high_acuity,baseline,2,3,43200,7200,300,100,7200,100,0.1,True,7200
62,high_load_high_acuity,cockpit_only,2,3,43200,7200,300,100,7200,100,0.1,True,7200
63,high_load_high_acuity,nursta_only,2,3,43200,7200,300,100,7200,100,0.1,True,7200
64,high_load_high_acuity,both,2,3,43200,7200,300,100,7200,100,0.1,True,7200
65,normal_load,baseline,2,4,43200,7200,300,100,7200,100,0.1,True,7200
66,normal_load,cockpit_only,2,4,43200,7200,300,100,7200,100,0.1,True,7200
67,normal_load,nursta_only,2,4,43200,7200,300,100,7200,100,0.1,True,7200
68,normal_load,both,2,4,43200,7200,300,100,7200,100,0.1,True,7200
69,high_load_high_acuity,baseline,2,4,43200,7200,300,100,7200,100,0.1,True,7200
70,high_load_high_acuity,cockpit_only,2,4,43200,7200,300,100,7200,100,0.1,True,7200
71,high_load_high_acuity,nursta_only,2,4,43200,7200,300,100,7200,100,0.1,True,7200
72,high_load_high_acuity,both,2,4,43200,7200,300,100,7200,100,0.1,True,7200
73,normal_load,baseline,2,5,43200,7200,300,100,7200,100,0.1,True,7200
74,normal_load,cockpit_only,2,5,43200,7200,300,100,7200,100,0.1,True,7200
75,normal_load,nursta_only,2,5,43200,7200,300,100,7200,100,0.1,True,7200
76,normal_load,both,2,5,43200,7200,300,100,7200,100,0.1,True,7200
77,high_load_high_acuity,baseline,2,5,43200,7200,300,100,7200,100,0.1,True,7200
78,high_load_high_acuity,cockpit_only,2,5,43200,7200,300,100,7200,100,0.1,True,7200
79,high_load_high_acuity,nursta_only,2,5,43200,7200,300,100,7200,100,0.1,True,7200
80,high_load_high_acuity,both,2,5,43200,7200,300,100,7200,100,0.1,True,7200
81,normal_load,baseline,3,1,43200,7200,300,100,7200,100,0.1,True,7200
82,normal_load,cockpit_only,3,1,43200,7200,300,100,7200,100,0.1,True,7200
83,normal_load,nursta_only,3,1,43200,7200,300,100,7200,100,0.1,True,7200
84,normal_load,both,3,1,43200,7200,300,100,7200,100,0.1,True,7200
85,high_load_high_acuity,baseline,3,1,43200,7200,300,100,7200,100,0.1,True,7200
86,high_load_high_acuity,cockpit_only,3,1,43200,7200,300,100,7200,100,0.1,True,7200
87,high_load_high_acuity,nursta_only,3,1,43200,7200,300,100,7200,100,0.1,True,7200
88,high_load_high_acuity,both,3,1,43200,7200,300,100,7200,100,0.1,True,7200
89,normal_load,baseline,3,2,43200,7200,300,100,7200,100,0.1,True,7200
90,normal_load,cockpit_only,3,2,43200,7200,300,100,7200,100,0.1,True,7200
91,normal_load,nursta_only,3,2,43200,7200,300,100,7200,100,0.1,True,7200
92,normal_load,both,3,2,43200,7200,300,100,7200,100,0.1,True,7200
93,high_load_high_acuity,baseline,3,2,43200,7200,300,100,7200,100,0.1,True,7200
94,high_load_high_acuity,cockpit_only,3,2,43200,7200,300,100,7200,100,0.1,True,7200
95,high_load_high_acuity,nursta_only,3,2,43200,7200,300,100,7200,100,0.1,True,7200
96,high_load_high_acuity,both,3,2,43200,7200,300,100,7200,100,0.1,True,7200
97,normal_load,baseline,3,3,43200,7200,300,100,7200,100,0.1,True,7200
98,normal_load,cockpit_only,3,3,43200,7200,300,100,7200,100,0.1,True,7200
99,normal_load,nursta_only,3,3,43200,7200,300,100,7200,100,0.1,True,7200
100,normal_load,both,3,3,43200,7200,300,100,7200,100,0.1,True,7200
101,high_load_high_acuity,baseline,3,3,43200,7200,300,100,7200,100,0.1,True,7200
102,high_load_high_acuity,cockpit_only,3,3,43200,7200,300,100,7200,100,0.1,True,7200
103,high_load_high_acuity,nursta_only,3,3,43200,7200,300,100,7200,100,0.1,True,7200
104,high_load_high_acuity,both,3,3,43200,7200,300,100,7200,100,0.1,True,7200
105,normal_load,baseline,3,4,43200,7200,300,100,7200,100,0.1,True,7200
106,normal_load,cockpit_only,3,4,43200,7200,300,100,7200,100,0.1,True,7200
107,normal_load,nursta_only,3,4,43200,7200,300,100,7200,100,0.1,True,7200
108,normal_load,both,3,4,43200,7200,300,100,7200,100,0.1,True,7200
109,high_load_high_acuity,baseline,3,4,43200,7200,300,100,7200,100,0.1,True,7200
110,high_load_high_acuity,cockpit_only,3,4,43200,7200,300,100,7200,100,0.1,True,7200
111,high_load_high_acuity,nursta_only,3,4,43200,7200,300,100,7200,100,0.1,True,7200
112,high_load_high_acuity,both,3,4,43200,7200,300,100,7200,100,0.1,True,7200
113,normal_load,baseline,3,5,43200,7200,300,100,7200,100,0.1,True,7200
114,normal_load,cockpit_only,3,5,43200,7200,300,100,7200,100,0.1,True,7200
115,normal_load,nursta_only,3,5,43200,7200,300,100,7200,100,0.1,True,7200
116,normal_load,both,3,5,43200,7200,300,100,7200,100,0.1,True,7200
117,high_load_high_acuity,baseline,3,5,43200,7200,300,100,7200,100,0.1,True,7200
118,high_load_high_acuity,cockpit_only,3,5,43200,7200,300,100,7200,100,0.1,True,7200
119,high_load_high_acuity,nursta_only,3,5,43200,7200,300,100,7200,100,0.1,True,7200
120,high_load_high_acuity,both,3,5,43200,7200,300,100,7200,100,0.1,True,7200
121,normal_load,baseline,4,1,43200,7200,300,100,7200,100,0.1,True,7200
122,normal_load,cockpit_only,4,1,43200,7200,300,100,7200,100,0.1,True,7200
123,normal_load,nursta_only,4,1,43200,7200,300,100,7200,100,0.1,True,7200
124,normal_load,both,4,1,43200,7200,300,100,7200,100,0.1,True,7200
125,high_load_high_acuity,baseline,4,1,43200,7200,300,100,7200,100,0.1,True,7200
126,high_load_high_acuity,cockpit_only,4,1,43200,7200,300,100,7200,100,0.1,True,7200
127,high_load_high_acuity,nursta_only,4,1,43200,7200,300,100,7200,100,0.1,True,7200
128,high_load_high_acuity,both,4,1,43200,7200,300,100,7200,100,0.1,True,7200
129,normal_load,baseline,4,2,43200,7200,300,100,7200,100,0.1,True,7200
130,normal_load,cockpit_only,4,2,43200,7200,300,100,7200,100,0.1,True,7200
131,normal_load,nursta_only,4,2,43200,7200,300,100,7200,100,0.1,True,7200
132,normal_load,both,4,2,43200,7200,300,100,7200,100,0.1,True,7200
133,high_load_high_acuity,baseline,4,2,43200,7200,300,100,7200,100,0.1,True,7200
134,high_load_high_acuity,cockpit_only,4,2,43200,7200,300,100,7200,100,0.1,True,7200
135,high_load_high_acuity,nursta_only,4,2,43200,7200,300,100,7200,100,0.1,True,7200
136,high_load_high_acuity,both,4,2,43200,7200,300,100,7200,100,0.1,True,7200
137,normal_load,baseline,4,3,43200,7200,300,100,7200,100,0.1,True,7200
138,normal_load,cockpit_only,4,3,43200,7200,300,100,7200,100,0.1,True,7200
139,normal_load,nursta_only,4,3,43200,7200,300,100,7200,100,0.1,True,7200
140,normal_load,both,4,3,43200,7200,300,100,7200,100,0.1,True,7200
141,high_load_high_acuity,baseline,4,3,43200,7200,300,100,7200,100,0.1,True,7200
142,high_load_high_acuity,cockpit_only,4,3,43200,7200,300,100,7200,100,0.1,True,7200
143,high_load_high_acuity,nursta_only,4,3,43200,7200,300,100,7200,100,0.1,True,7200
144,high_load_high_acuity,both,4,3,43200,7200,300,100,7200,100,0.1,True,7200
145,normal_load,baseline,4,4,43200,7200,300,100,7200,100,0.1,True,7200
146,normal_load,cockpit_only,4,4,43200,7200,300,100,7200,100,0.1,True,7200
147,normal_load,nursta_only,4,4,43200,7200,300,100,7200,100,0.1,True,7200
148,normal_load,both,4,4,43200,7200,300,100,7200,100,0.1,True,7200
149,high_load_high_acuity,baseline,4,4,43200,7200,300,100,7200,100,0.1,True,7200
150,high_load_high_acuity,cockpit_only,4,4,43200,7200,300,100,7200,100,0.1,True,7200
151,high_load_high_acuity,nursta_only,4,4,43200,7200,300,100,7200,100,0.1,True,7200
152,high_load_high_acuity,both,4,4,43200,7200,300,100,7200,100,0.1,True,7200
153,normal_load,baseline,4,5,43200,7200,300,100,7200,100,0.1,True,7200
154,normal_load,cockpit_only,4,5,43200,7200,300,100,7200,100,0.1,True,7200
155,normal_load,nursta_only,4,5,43200,7200,300,100,7200,100,0.1,True,7200
156,normal_load,both,4,5,43200,7200,300,100,7200,100,0.1,True,7200
157,high_load_high_acuity,baseline,4,5,43200,7200,300,100,7200,100,0.1,True,7200
158,high_load_high_acuity,cockpit_only,4,5,43200,7200,300,100,7200,100,0.1,True,7200
159,high_load_high_acuity,nursta_only,4,5,43200,7200,300,100,7200,100,0.1,True,7200
160,high_load_high_acuity,both,4,5,43200,7200,300,100,7200,100,0.1,True,7200
161,normal_load,baseline,5,1,43200,7200,300,100,7200,100,0.1,True,7200
162,normal_load,cockpit_only,5,1,43200,7200,300,100,7200,100,0.1,True,7200
163,normal_load,nursta_only,5,1,43200,7200,300,100,7200,100,0.1,True,7200
164,normal_load,both,5,1,43200,7200,300,100,7200,100,0.1,True,7200
165,high_load_high_acuity,baseline,5,1,43200,7200,300,100,7200,100,0.1,True,7200
166,high_load_high_acuity,cockpit_only,5,1,43200,7200,300,100,7200,100,0.1,True,7200
167,high_load_high_acuity,nursta_only,5,1,43200,7200,300,100,7200,100,0.1,True,7200
168,high_load_high_acuity,both,5,1,43200,7200,300,100,7200,100,0.1,True,7200
169,normal_load,baseline,5,2,43200,7200,300,100,7200,100,0.1,True,7200
170,normal_load,cockpit_only,5,2,43200,7200,300,100,7200,100,0.1,True,7200
171,normal_load,nursta_only,5,2,43200,7200,300,100,7200,100,0.1,True,7200
172,normal_load,both,5,2,43200,7200,300,100,7200,100,0.1,True,7200
173,high_load_high_acuity,baseline,5,2,43200,7200,300,100,7200,100,0.1,True,7200
174,high_load_high_acuity,cockpit_only,5,2,43200,7200,300,100,7200,100,0.1,True,7200
175,high_load_high_acuity,nursta_only,5,2,43200,7200,300,100,7200,100,0.1,True,7200
176,high_load_high_acuity,both,5,2,43200,7200,300,100,7200,100,0.1,True,7200
177,normal_load,baseline,5,3,43200,7200,300,100,7200,100,0.1,True,7200
178,normal_load,cockpit_only,5,3,43200,7200,300,100,7200,100,0.1,True,7200
179,normal_load,nursta_only,5,3,43200,7200,300,100,7200,100,0.1,True,7200
180,normal_load,both,5,3,43200,7200,300,100,7200,100,0.1,True,7200
181,high_load_high_acuity,baseline,5,3,43200,7200,300,100,7200,100,0.1,True,7200
182,high_load_high_acuity,cockpit_only,5,3,43200,7200,300,100,7200,100,0.1,True,7200
183,high_load_high_acuity,nursta_only,5,3,43200,7200,300,100,7200,100,0.1,True,7200
184,high_load_high_acuity,both,5,3,43200,7200,300,100,7200,100,0.1,True,7200
185,normal_load,baseline,5,4,43200,7200,300,100,7200,100,0.1,True,7200
186,normal_load,cockpit_only,5,4,43200,7200,300,100,7200,100,0.1,True,7200
187,normal_load,nursta_only,5,4,43200,7200,300,100,7200,100,0.1,True,7200
188,normal_load,both,5,4,43200,7200,300,100,7200,100,0.1,True,7200
189,high_load_high_acuity,baseline,5,4,43200,7200,300,100,7200,100,0.1,True,7200
190,high_load_high_acuity,cockpit_only,5,4,43200,7200,300,100,7200,100,0.1,True,7200
191,high_load_high_acuity,nursta_only,5,4,43200,7200,300,100,7200,100,0.1,True,7200
192,high_load_high_acuity,both,5,4,43200,7200,300,100,7200,100,0.1,True,7200
193,normal_load,baseline,5,5,43200,7200,300,100,7200,100,0.1,True,7200
194,normal_load,cockpit_only,5,5,43200,7200,300,100,7200,100,0.1,True,7200
195,normal_load,nursta_only,5,5,43200,7200,300,100,7200,100,0.1,True,7200
196,normal_load,both,5,5,43200,7200,300,100,7200,100,0.1,True,7200
197,high_load_high_acuity,baseline,5,5,43200,7200,300,100,7200,100,0.1,True,7200
198,high_load_high_acuity,cockpit_only,5,5,43200,7200,300,100,7200,100,0.1,True,7200
199,high_load_high_acuity,nursta_only,5,5,43200,7200,300,100,7200,100,0.1,True,7200
200,high_load_high_acuity,both,5,5,43200,7200,300,100,7200,100,0.1,True,7200
201,normal_load,baseline,6,1,43200,7200,300,100,7200,100,0.1,True,7200
202,normal_load,cockpit_only,6,1,43200,7200,300,100,7200,100,0.1,True,7200
203,normal_load,nursta_only,6,1,43200,7200,300,100,7200,100,0.1,True,7200
204,normal_load,both,6,1,43200,7200,300,100,7200,100,0.1,True,7200
205,high_load_high_acuity,baseline,6,1,43200,7200,300,100,7200,100,0.1,True,7200
206,high_load_high_acuity,cockpit_only,6,1,43200,7200,300,100,7200,100,0.1,True,7200
207,high_load_high_acuity,nursta_only,6,1,43200,7200,300,100,7200,100,0.1,True,7200
208,high_load_high_acuity,both,6,1,43200,7200,300,100,7200,100,0.1,True,7200
209,normal_load,baseline,6,2,43200,7200,300,100,7200,100,0.1,True,7200
210,normal_load,cockpit_only,6,2,43200,7200,300,100,7200,100,0.1,True,7200
211,normal_load,nursta_only,6,2,43200,7200,300,100,7200,100,0.1,True,7200
212,normal_load,both,6,2,43200,7200,300,100,7200,100,0.1,True,7200
213,high_load_high_acuity,baseline,6,2,43200,7200,300,100,7200,100,0.1,True,7200
214,high_load_high_acuity,cockpit_only,6,2,43200,7200,300,100,7200,100,0.1,True,7200
215,high_load_high_acuity,nursta_only,6,2,43200,7200,300,100,7200,100,0.1,True,7200
216,high_load_high_acuity,both,6,2,43200,7200,300,100,7200,100,0.1,True,7200
217,normal_load,baseline,6,3,43200,7200,300,100,7200,100,0.1,True,7200
218,normal_load,cockpit_only,6,3,43200,7200,300,100,7200,100,0.1,True,7200
219,normal_load,nursta_only,6,3,43200,7200,300,100,7200,100,0.1,True,7200
220,normal_load,both,6,3,43200,7200,300,100,7200,100,0.1,True,7200
221,high_load_high_acuity,baseline,6,3,43200,7200,300,100,7200,100,0.1,True,7200
222,high_load_high_acuity,cockpit_only,6,3,43200,7200,300,100,7200,100,0.1,True,7200
223,high_load_high_acuity,nursta_only,6,3,43200,7200,300,100,7200,100,0.1,True,7200
224,high_load_high_acuity,both,6,3,43200,7200,300,100,7200,100,0.1,True,7200
225,normal_load,baseline,6,4,43200,7200,300,100,7200,100,0.1,True,7200
226,normal_load,cockpit_only,6,4,43200,7200,300,100,7200,100,0.1,True,7200
227,normal_load,nursta_only,6,4,43200,7200,300,100,7200,100,0.1,True,7200
228,normal_load,both,6,4,43200,7200,300,100,7200,100,0.1,True,7200
229,high_load_high_acuity,baseline,6,4,43200,7200,300,100,7200,100,0.1,True,7200
230,high_load_high_acuity,cockpit_only,6,4,43200,7200,300,100,7200,100,0.1,True,7200
231,high_load_high_acuity,nursta_only,6,4,43200,7200,300,100,7200,100,0.1,True,7200
232,high_load_high_acuity,both,6,4,43200,7200,300,100,7200,100,0.1,True,7200
233,normal_load,baseline,6,5,43200,7200,300,100,7200,100,0.1,True,7200
234,normal_load,cockpit_only,6,5,43200,7200,300,100,7200,100,0.1,True,7200
235,normal_load,nursta_only,6,5,43200,7200,300,100,7200,100,0.1,True,7200
236,normal_load,both,6,5,43200,7200,300,100,7200,100,0.1,True,7200
237,high_load_high_acuity,baseline,6,5,43200,7200,300,100,7200,100,0.1,True,7200
238,high_load_high_acuity,cockpit_only,6,5,43200,7200,300,100,7200,100,0.1,True,7200
239,high_load_high_acuity,nursta_only,6,5,43200,7200,300,100,7200,100,0.1,True,7200
240,high_load_high_acuity,both,6,5,43200,7200,300,100,7200,100,0.1,True,7200
241,normal_load,baseline,7,1,43200,7200,300,100,7200,100,0.1,True,7200
242,normal_load,cockpit_only,7,1,43200,7200,300,100,7200,100,0.1,True,7200
243,normal_load,nursta_only,7,1,43200,7200,300,100,7200,100,0.1,True,7200
244,normal_load,both,7,1,43200,7200,300,100,7200,100,0.1,True,7200
245,high_load_high_acuity,baseline,7,1,43200,7200,300,100,7200,100,0.1,True,7200
246,high_load_high_acuity,cockpit_only,7,1,43200,7200,300,100,7200,100,0.1,True,7200
247,high_load_high_acuity,nursta_only,7,1,43200,7200,300,100,7200,100,0.1,True,7200
248,high_load_high_acuity,both,7,1,43200,7200,300,100,7200,100,0.1,True,7200
249,normal_load,baseline,7,2,43200,7200,300,100,7200,100,0.1,True,7200
250,normal_load,cockpit_only,7,2,43200,7200,300,100,7200,100,0.1,True,7200
251,normal_load,nursta_only,7,2,43200,7200,300,100,7200,100,0.1,True,7200
252,normal_load,both,7,2,43200,7200,300,100,7200,100,0.1,True,7200
253,high_load_high_acuity,baseline,7,2,43200,7200,300,100,7200,100,0.1,True,7200
254,high_load_high_acuity,cockpit_only,7,2,43200,7200,300,100,7200,100,0.1,True,7200
255,high_load_high_acuity,nursta_only,7,2,43200,7200,300,100,7200,100,0.1,True,7200
256,high_load_high_acuity,both,7,2,43200,7200,300,100,7200,100,0.1,True,7200
257,normal_load,baseline,7,3,43200,7200,300,100,7200,100,0.1,True,7200
258,normal_load,cockpit_only,7,3,43200,7200,300,100,7200,100,0.1,True,7200
259,normal_load,nursta_only,7,3,43200,7200,300,100,7200,100,0.1,True,7200
260,normal_load,both,7,3,43200,7200,300,100,7200,100,0.1,True,7200
261,high_load_high_acuity,baseline,7,3,43200,7200,300,100,7200,100,0.1,True,7200
262,high_load_high_acuity,cockpit_only,7,3,43200,7200,300,100,7200,100,0.1,True,7200
263,high_load_high_acuity,nursta_only,7,3,43200,7200,300,100,7200,100,0.1,True,7200
264,high_load_high_acuity,both,7,3,43200,7200,300,100,7200,100,0.1,True,7200
265,normal_load,baseline,7,4,43200,7200,300,100,7200,100,0.1,True,7200
266,normal_load,cockpit_only,7,4,43200,7200,300,100,7200,100,0.1,True,7200
267,normal_load,nursta_only,7,4,43200,7200,300,100,7200,100,0.1,True,7200
268,normal_load,both,7,4,43200,7200,300,100,7200,100,0.1,True,7200
269,high_load_high_acuity,baseline,7,4,43200,7200,300,100,7200,100,0.1,True,7200
270,high_load_high_acuity,cockpit_only,7,4,43200,7200,300,100,7200,100,0.1,True,7200
271,high_load_high_acuity,nursta_only,7,4,43200,7200,300,100,7200,100,0.1,True,7200
272,high_load_high_acuity,both,7,4,43200,7200,300,100,7200,100,0.1,True,7200
273,normal_load,baseline,7,5,43200,7200,300,100,7200,100,0.1,True,7200
274,normal_load,cockpit_only,7,5,43200,7200,300,100,7200,100,0.1,True,7200
275,normal_load,nursta_only,7,5,43200,7200,300,100,7200,100,0.1,True,7200
276,normal_load,both,7,5,43200,7200,300,100,7200,100,0.1,True,7200
277,high_load_high_acuity,baseline,7,5,43200,7200,300,100,7200,100,0.1,True,7200
278,high_load_high_acuity,cockpit_only,7,5,43200,7200,300,100,7200,100,0.1,True,7200
279,high_load_high_acuity,nursta_only,7,5,43200,7200,300,100,7200,100,0.1,True,7200
280,high_load_high_acuity,both,7,5,43200,7200,300,100,7200,100,0.1,True,7200
281,normal_load,baseline,8,1,43200,7200,300,100,7200,100,0.1,True,7200
282,normal_load,cockpit_only,8,1,43200,7200,300,100,7200,100,0.1,True,7200
283,normal_load,nursta_only,8,1,43200,7200,300,100,7200,100,0.1,True,7200
284,normal_load,both,8,1,43200,7200,300,100,7200,100,0.1,True,7200
285,high_load_high_acuity,baseline,8,1,43200,7200,300,100,7200,100,0.1,True,7200
286,high_load_high_acuity,cockpit_only,8,1,43200,7200,300,100,7200,100,0.1,True,7200
287,high_load_high_acuity,nursta_only,8,1,43200,7200,300,100,7200,100,0.1,True,7200
288,high_load_high_acuity,both,8,1,43200,7200,300,100,7200,100,0.1,True,7200
289,normal_load,baseline,8,2,43200,7200,300,100,7200,100,0.1,True,7200
290,normal_load,cockpit_only,8,2,43200,7200,300,100,7200,100,0.1,True,7200
291,normal_load,nursta_only,8,2,43200,7200,300,100,7200,100,0.1,True,7200
292,normal_load,both,8,2,43200,7200,300,100,7200,100,0.1,True,7200
293,high_load_high_acuity,baseline,8,2,43200,7200,300,100,7200,100,0.1,True,7200
294,high_load_high_acuity,cockpit_only,8,2,43200,7200,300,100,7200,100,0.1,True,7200
295,high_load_high_acuity,nursta_only,8,2,43200,7200,300,100,7200,100,0.1,True,7200
296,high_load_high_acuity,both,8,2,43200,7200,300,100,7200,100,0.1,True,7200
297,normal_load,baseline,8,3,43200,7200,300,100,7200,100,0.1,True,7200
298,normal_load,cockpit_only,8,3,43200,7200,300,100,7200,100,0.1,True,7200
299,normal_load,nursta_only,8,3,43200,7200,300,100,7200,100,0.1,True,7200
300,normal_load,both,8,3,43200,7200,300,100,7200,100,0.1,True,7200
301,high_load_high_acuity,baseline,8,3,43200,7200,300,100,7200,100,0.1,True,7200
302,high_load_high_acuity,cockpit_only,8,3,43200,7200,300,100,7200,100,0.1,True,7200
303,high_load_high_acuity,nursta_only,8,3,43200,7200,300,100,7200,100,0.1,True,7200
304,high_load_high_acuity,both,8,3,43200,7200,300,100,7200,100,0.1,True,7200
305,normal_load,baseline,8,4,43200,7200,300,100,7200,100,0.1,True,7200
306,normal_load,cockpit_only,8,4,43200,7200,300,100,7200,100,0.1,True,7200
307,normal_load,nursta_only,8,4,43200,7200,300,100,7200,100,0.1,True,7200
308,normal_load,both,8,4,43200,7200,300,100,7200,100,0.1,True,7200
309,high_load_high_acuity,baseline,8,4,43200,7200,300,100,7200,100,0.1,True,7200
310,high_load_high_acuity,cockpit_only,8,4,43200,7200,300,100,7200,100,0.1,True,7200
311,high_load_high_acuity,nursta_only,8,4,43200,7200,300,100,7200,100,0.1,True,7200
312,high_load_high_acuity,both,8,4,43200,7200,300,100,7200,100,0.1,True,7200
313,normal_load,baseline,8,5,43200,7200,300,100,7200,100,0.1,True,7200
314,normal_load,cockpit_only,8,5,43200,7200,300,100,7200,100,0.1,True,7200
315,normal_load,nursta_only,8,5,43200,7200,300,100,7200,100,0.1,True,7200
316,normal_load,both,8,5,43200,7200,300,100,7200,100,0.1,True,7200
317,high_load_high_acuity,baseline,8,5,43200,7200,300,100,7200,100,0.1,True,7200
318,high_load_high_acuity,cockpit_only,8,5,43200,7200,300,100,7200,100,0.1,True,7200
319,high_load_high_acuity,nursta_only,8,5,43200,7200,300,100,7200,100,0.1,True,7200
320,high_load_high_acuity,both,8,5,43200,7200,300,100,7200,100,0.1,True,7200
321,normal_load,baseline,9,1,43200,7200,300,100,7200,100,0.1,True,7200
322,normal_load,cockpit_only,9,1,43200,7200,300,100,7200,100,0.1,True,7200
323,normal_load,nursta_only,9,1,43200,7200,300,100,7200,100,0.1,True,7200
324,normal_load,both,9,1,43200,7200,300,100,7200,100,0.1,True,7200
325,high_load_high_acuity,baseline,9,1,43200,7200,300,100,7200,100,0.1,True,7200
326,high_load_high_acuity,cockpit_only,9,1,43200,7200,300,100,7200,100,0.1,True,7200
327,high_load_high_acuity,nursta_only,9,1,43200,7200,300,100,7200,100,0.1,True,7200
328,high_load_high_acuity,both,9,1,43200,7200,300,100,7200,100,0.1,True,7200
329,normal_load,baseline,9,2,43200,7200,300,100,7200,100,0.1,True,7200
330,normal_load,cockpit_only,9,2,43200,7200,300,100,7200,100,0.1,True,7200
331,normal_load,nursta_only,9,2,43200,7200,300,100,7200,100,0.1,True,7200
332,normal_load,both,9,2,43200,7200,300,100,7200,100,0.1,True,7200
333,high_load_high_acuity,baseline,9,2,43200,7200,300,100,7200,100,0.1,True,7200
334,high_load_high_acuity,cockpit_only,9,2,43200,7200,300,100,7200,100,0.1,True,7200
335,high_load_high_acuity,nursta_only,9,2,43200,7200,300,100,7200,100,0.1,True,7200
336,high_load_high_acuity,both,9,2,43200,7200,300,100,7200,100,0.1,True,7200
337,normal_load,baseline,9,3,43200,7200,300,100,7200,100,0.1,True,7200
338,normal_load,cockpit_only,9,3,43200,7200,300,100,7200,100,0.1,True,7200
339,normal_load,nursta_only,9,3,43200,7200,300,100,7200,100,0.1,True,7200
340,normal_load,both,9,3,43200,7200,300,100,7200,100,0.1,True,7200
341,high_load_high_acuity,baseline,9,3,43200,7200,300,100,7200,100,0.1,True,7200
342,high_load_high_acuity,cockpit_only,9,3,43200,7200,300,100,7200,100,0.1,True,7200
343,high_load_high_acuity,nursta_only,9,3,43200,7200,300,100,7200,100,0.1,True,7200
344,high_load_high_acuity,both,9,3,43200,7200,300,100,7200,100,0.1,True,7200
345,normal_load,baseline,9,4,43200,7200,300,100,7200,100,0.1,True,7200
346,normal_load,cockpit_only,9,4,43200,7200,300,100,7200,100,0.1,True,7200
347,normal_load,nursta_only,9,4,43200,7200,300,100,7200,100,0.1,True,7200
348,normal_load,both,9,4,43200,7200,300,100,7200,100,0.1,True,7200
349,high_load_high_acuity,baseline,9,4,43200,7200,300,100,7200,100,0.1,True,7200
350,high_load_high_acuity,cockpit_only,9,4,43200,7200,300,100,7200,100,0.1,True,7200
351,high_load_high_acuity,nursta_only,9,4,43200,7200,300,100,7200,100,0.1,True,7200
352,high_load_high_acuity,both,9,4,43200,7200,300,100,7200,100,0.1,True,7200
353,normal_load,baseline,9,5,43200,7200,300,100,7200,100,0.1,True,7200
354,normal_load,cockpit_only,9,5,43200,7200,300,100,7200,100,0.1,True,7200
355,normal_load,nursta_only,9,5,43200,7200,300,100,7200,100,0.1,True,7200
356,normal_load,both,9,5,43200,7200,300,100,7200,100,0.1,True,7200
357,high_load_high_acuity,baseline,9,5,43200,7200,300,100,7200,100,0.1,True,7200
358,high_load_high_acuity,cockpit_only,9,5,43200,7200,300,100,7200,100,0.1,True,7200
359,high_load_high_acuity,nursta_only,9,5,43200,7200,300,100,7200,100,0.1,True,7200
360,high_load_high_acuity,both,9,5,43200,7200,300,100,7200,100,0.1,True,7200
361,normal_load,baseline,10,1,43200,7200,300,100,7200,100,0.1,True,7200
362,normal_load,cockpit_only,10,1,43200,7200,300,100,7200,100,0.1,True,7200
363,normal_load,nursta_only,10,1,43200,7200,300,100,7200,100,0.1,True,7200
364,normal_load,both,10,1,43200,7200,300,100,7200,100,0.1,True,7200
365,high_load_high_acuity,baseline,10,1,43200,7200,300,100,7200,100,0.1,True,7200
366,high_load_high_acuity,cockpit_only,10,1,43200,7200,300,100,7200,100,0.1,True,7200
367,high_load_high_acuity,nursta_only,10,1,43200,7200,300,100,7200,100,0.1,True,7200
368,high_load_high_acuity,both,10,1,43200,7200,300,100,7200,100,0.1,True,7200
369,normal_load,baseline,10,2,43200,7200,300,100,7200,100,0.1,True,7200
370,normal_load,cockpit_only,10,2,43200,7200,300,100,7200,100,0.1,True,7200
371,normal_load,nursta_only,10,2,43200,7200,300,100,7200,100,0.1,True,7200
372,normal_load,both,10,2,43200,7200,300,100,7200,100,0.1,True,7200
373,high_load_high_acuity,baseline,10,2,43200,7200,300,100,7200,100,0.1,True,7200
374,high_load_high_acuity,cockpit_only,10,2,43200,7200,300,100,7200,100,0.1,True,7200
375,high_load_high_acuity,nursta_only,10,2,43200,7200,300,100,7200,100,0.1,True,7200
376,high_load_high_acuity,both,10,2,43200,7200,300,100,7200,100,0.1,True,7200
377,normal_load,baseline,10,3,43200,7200,300,100,7200,100,0.1,True,7200
378,normal_load,cockpit_only,10,3,43200,7200,300,100,7200,100,0.1,True,7200
379,normal_load,nursta_only,10,3,43200,7200,300,100,7200,100,0.1,True,7200
380,normal_load,both,10,3,43200,7200,300,100,7200,100,0.1,True,7200
381,high_load_high_acuity,baseline,10,3,43200,7200,300,100,7200,100,0.1,True,7200
382,high_load_high_acuity,cockpit_only,10,3,43200,7200,300,100,7200,100,0.1,True,7200
383,high_load_high_acuity,nursta_only,10,3,43200,7200,300,100,7200,100,0.1,True,7200
384,high_load_high_acuity,both,10,3,43200,7200,300,100,7200,100,0.1,True,7200
385,normal_load,baseline,10,4,43200,7200,300,100,7200,100,0.1,True,7200
386,normal_load,cockpit_only,10,4,43200,7200,300,100,7200,100,0.1,True,7200
387,normal_load,nursta_only,10,4,43200,7200,300,100,7200,100,0.1,True,7200
388,normal_load,both,10,4,43200,7200,300,100,7200,100,0.1,True,7200
389,high_load_high_acuity,baseline,10,4,43200,7200,300,100,7200,100,0.1,True,7200
390,high_load_high_acuity,cockpit_only,10,4,43200,7200,300,100,7200,100,0.1,True,7200
391,high_load_high_acuity,nursta_only,10,4,43200,7200,300,100,7200,100,0.1,True,7200
392,high_load_high_acuity,both,10,4,43200,7200,300,100,7200,100,0.1,True,7200
393,normal_load,baseline,10,5,43200,7200,300,100,7200,100,0.1,True,7200
394,normal_load,cockpit_only,10,5,43200,7200,300,100,7200,100,0.1,True,7200
395,normal_load,nursta_only,10,5,43200,7200,300,100,7200,100,0.1,True,7200
396,normal_load,both,10,5,43200,7200,300,100,7200,100,0.1,True,7200
397,high_load_high_acuity,baseline,10,5,43200,7200,300,100,7200,100,0.1,True,7200
398,high_load_high_acuity,cockpit_only,10,5,43200,7200,300,100,7200,100,0.1,True,7200
399,high_load_high_acuity,nursta_only,10,5,43200,7200,300,100,7200,100,0.1,True,7200
400,high_load_high_acuity,both,10,5,43200,7200,300,100,7200,100,0.1,True,7200
